Model,Accuracy,Precision,Recall,F1_Score,Training_Time_Hours
MobileNetV2,0.6420099477107511,0.6521748501756897,0.6420099477107511,0.6311826751194978,1.1026406739155452
